grade_band,number_of_students,average_absences,percentage_internet
Low,100,4.61,68.0
Medium,418,3.715311004784689,76.07655502392345
High,131,2.7557251908396947,85.49618320610686
